participants;   mantel lower;   mantel upper; mantel sd;   mantel average;   elsim lower;   elsim upper;   elsim sd;   elsim average
1 ;  0.251967729483487 ;  0.8835783361528848 ;  0.12322978285826934 ;  0.6670107919226302 ;  0.37603383458646605 ;  0.8287593984962406 ;  0.10003280506156255 ;  0.6364156355340566
2 ;  0.5736176526643278 ;  0.8838079567369205 ;  0.07441102873689218 ;  0.7580304659189786 ;  0.4345864661654136 ;  0.9329573934837092 ;  0.09210138883777075 ;  0.6486578852434115
3 ;  0.6639830510517756 ;  0.9311988438039351 ;  0.054398265632145046 ;  0.8273357595438982 ;  0.5278195488721803 ;  1.0 ;  0.08327028562689386 ;  0.7564627667653983
4 ;  0.6884556652106341 ;  0.9450298169232884 ;  0.05035125522169377 ;  0.85857357253152 ;  0.5561716791979949 ;  0.9368421052631577 ;  0.08141523039188 ;  0.76445541885015575 ;  
5 ;  0.7212614117465357 ;  0.949379142187243 ;  0.03736184645258355 ;  0.8801290553848499 ;  0.6102130325814538 ;  0.9351503759398496 ;  0.06924256614600652 ;  0.8020067593225487
6 ;  0.8078654903133488 ;  0.9483977949849758 ;  0.02798624562343295 ;  0.9055799421422419 ;  0.655388471177945 ;  1.0 ;  0.07489188689144531 ;  0.8180371667805878
7 ;  0.855478170739373 ;  0.9598052499350156 ;  0.02269585175665827 ;  0.9177737580723075 ;  0.6917919799498745 ;  1.0 ;  0.07260172475538314 ;  0.8229455646692488
8 ;  0.865805900981584 ;  0.9566531176214692 ;  0.018233469381918253 ;  0.9278959106531376 ;  0.6418546365914785 ;  1.0 ;  0.06983742045823652 ;  0.8285483405483405
9 ;  0.8768684374849203 ;  0.9643796644499814 ;  0.018408843201938342 ;  0.9343688907023294 ;  0.6911654135338346 ;  1.0 ;  0.06689904650501166 ;  0.8488753702437912
10 ;  0.8931011870100185 ;  0.9675123845724434 ;  0.015419711182443454 ;  0.9394396408946065 ;  0.6703007518796994 ;  1.0 ;  0.05886939407285839 ;  0.8527564080656185        
11 ;  0.8926571562530986 ;  0.975368124314744 ;  0.013822777027725124 ;  0.9469602382091357 ;  0.7417293233082706 ;  1.0 ;  0.061533245264404346 ;  0.8623166438824333        
12 ;  0.9060974494156959 ;  0.9699349035576152 ;  0.012895162813824974 ;  0.9483981688458721 ;  0.6964285714285712 ;  1.0 ;  0.06292294612820817 ;  0.8523617566643882        
13 ;  0.9208910920471752 ;  0.9732736089755659 ;  0.010483501431700147 ;  0.9541991300072644 ;  0.7052005012531328 ;  1.0 ;  0.06058862032981925 ;  0.8574716146426672        
14 ;  0.9340201607865969 ;  0.978123514423327 ;  0.009744030864837156 ;  0.9582280347191472 ;  0.7044486215538845 ;  1.0 ;  0.05919545336698151 ;  0.8650219298245614
15 ;  0.9260345587869736 ;  0.9750673361517815 ;  0.008028393118835611 ;  0.9621080350428923 ;  0.7124060150375942 ;  1.0 ;  0.057438312119393715 ;  0.8692685881370091       
16 ;  0.9434043333750516 ;  0.9783710846028042 ;  0.008360824716313203 ;  0.9615127244431837 ;  0.7417293233082706 ;  1.0 ;  0.05815108827001814 ;  0.8717013366750208        
17 ;  0.9477051066640484 ;  0.9788672403220277 ;  0.006933607941395967 ;  0.9654735058469154 ;  0.6703007518796994 ;  1.0 ;  0.07135770063721984 ;  0.8779475772765246        
18 ;  0.9412512383660733 ;  0.9800632186790255 ;  0.007577361980429636 ;  0.9670640531935439 ;  0.7124060150375942 ;  1.0 ;  0.06599803969772366 ;  0.8740841877420824        
19 ;  0.9544131421400532 ;  0.9816759829370347 ;  0.006028461643525351 ;  0.9698128660714361 ;  0.7124060150375942 ;  1.0 ;  0.05634081354213572 ;  0.8715290309106097        
20 ;  0.9496295180388882 ;  0.9840092261097734 ;  0.006834157199421621 ;  0.9710452340819973 ;  0.7171052631578948 ;  1.0 ;  0.05830930066854741 ;  0.8824475962633856        
21 ;  0.9604964413869558 ;  0.9834254853292144 ;  0.005479737504972289 ;  0.9726105774744975 ;  0.7549812030075187 ;  1.0 ;  0.06378859200662065 ;  0.8909765037593984        
22 ;  0.9581430599535368 ;  0.9859489140653059 ;  0.005626183697784128 ;  0.9743830136062922 ;  0.7417293233082706 ;  1.0 ;  0.05806607103872173 ;  0.886092750816435
23 ;  0.962266244697113 ;  0.9839563387778786 ;  0.004962963730874618 ;  0.9751782119656864 ;  0.7614661654135336 ;  1.0 ;  0.051621344343282825 ;  0.8939260651629072        
24 ;  0.9635389358448132 ;  0.9859104867230822 ;  0.004406963695358798 ;  0.9763135397090484 ;  0.7501879699248118 ;  1.0 ;  0.05656797771661031 ;  0.9017781954887217        
25 ;  0.958837277687948 ;  0.9866459809363232 ;  0.004523747853859767 ;  0.9775524357962849 ;  0.7501879699248118 ;  1.0 ;  0.06198987418410054 ;  0.893687343358396
26 ;  0.9647953240381115 ;  0.9880460295979758 ;  0.004581108981289908 ;  0.9787396875079386 ;  0.7823934837092732 ;  1.0 ;  0.05704400474558819 ;  0.9067276524644945        
27 ;  0.9695643182826662 ;  0.9883132993438587 ;  0.003727095878829804 ;  0.9795119681419974 ;  0.7674812030075188 ;  1.0 ;  0.054263434265652416 ;  0.8983546365914786       
28 ;  0.96459609671651 ;  0.9871112120100813 ;  0.004593123994424544 ;  0.979802388965489 ;  0.7848370927318296 ;  1.0 ;  0.05473112819846116 ;  0.8988339598997493
29 ;  0.9722786366458276 ;  0.9879681358944855 ;  0.003296725391273226 ;  0.9811621718822019 ;  0.7193609022556389 ;  1.0 ;  0.06455439635517557 ;  0.9022443609022556        
30 ;  0.9665153145182097 ;  0.9885372761508243 ;  0.0038071503660144944 ;  0.9809610230695842 ;  0.7614661654135336 ;  1.0 ;  0.05978618827960566 ;  0.9095802005012531       
31 ;  0.9715378845253962 ;  0.9881845900003606 ;  0.0034432376067514295 ;  0.9819567365367529 ;  0.7609022556390977 ;  1.0 ;  0.05594351004337744 ;  0.9087575187969924       
32 ;  0.9691786355618796 ;  0.987871653487769 ;  0.0033718928111005136 ;  0.9823021216863465 ;  0.7614661654135336 ;  1.0 ;  0.05856894853791614 ;  0.9056710526315789        
33 ;  0.9731113119302969 ;  0.9913981279020232 ;  0.0031365160264457672 ;  0.9838936239833446 ;  0.7501879699248118 ;  1.0 ;  0.054079384109192816 ;  0.8981647869674185      
34 ;  0.9763384044080798 ;  0.9892401344888652 ;  0.0027649572761115843 ;  0.9845621339421434 ;  0.7614661654135336 ;  1.0 ;  0.058115455502515796 ;  0.9074561403508772      
35 ;  0.976315188549573 ;  0.9913764231941105 ;  0.0029268719980219044 ;  0.9847551087934374 ;  0.7906641604010024 ;  1.0 ;  0.057478059165224464 ;  0.9089517543859649       
36 ;  0.9758603012401851 ;  0.9904988004782236 ;  0.002678403315772486 ;  0.9848991312342409 ;  0.7614661654135336 ;  1.0 ;  0.05782432157250655 ;  0.9138427318295739        
37 ;  0.9707281181504128 ;  0.9904377200817321 ;  0.003001260681907888 ;  0.9855379039571533 ;  0.7614661654135336 ;  1.0 ;  0.05969423957426273 ;  0.9158308270676692        
38 ;  0.9780791161350727 ;  0.991727822561256 ;  0.002826335206570708 ;  0.985981024617182 ;  0.8209273182957391 ;  1.0 ;  0.049150994838626096 ;  0.9134812030075188
39 ;  0.9786071705278788 ;  0.9914028820694158 ;  0.002452300040318089 ;  0.9865532027594643 ;  0.7906641604010024 ;  1.0 ;  0.052389657663326365 ;  0.9180877192982455       
40 ;  0.9767168587707911 ;  0.9919202087962792 ;  0.0030124489457577035 ;  0.9868144739523856 ;  0.7622180451127821 ;  1.0 ;  0.05051990873033996 ;  0.9162681704260651       
41 ;  0.9825742722117299 ;  0.9918205949768173 ;  0.002085919423631768 ;  0.9881460640360963 ;  0.8072055137844609 ;  1.0 ;  0.04627301535807993 ;  0.9106622807017544        
42 ;  0.9794311638059163 ;  0.9918111099569943 ;  0.002545170626719985 ;  0.9873237245080241 ;  0.7682957393483708 ;  1.0 ;  0.05686955886958461 ;  0.9100902255639097
43 ;  0.9827728858355901 ;  0.9929551200792537 ;  0.0019727615051824145 ;  0.9885264020362279 ;  0.7614661654135336 ;  1.0 ;  0.058958016287237125 ;  0.9168809523809524      
44 ;  0.981360685702995 ;  0.9923073687687916 ;  0.002116587968892128 ;  0.9886717121716597 ;  0.831328320802005 ;  1.0 ;  0.045232467532176766 ;  0.9259053884711779
45 ;  0.9807642841368768 ;  0.99208845382383 ;  0.002151322569884005 ;  0.988357293544857 ;  0.7906641604010024 ;  1.0 ;  0.05351801629490694 ;  0.9161779448621553
46 ;  0.9810243389576544 ;  0.9934949630254151 ;  0.0022345512419706523 ;  0.9888768607753993 ;  0.7682957393483708 ;  1.0 ;  0.05376518746217381 ;  0.9168389724310776       
47 ;  0.9821656303117287 ;  0.9933150958538884 ;  0.0021288182896509198 ;  0.989056154052237 ;  0.8291979949874687 ;  1.0 ;  0.053231544676541225 ;  0.9276497493734336       
48 ;  0.9832779152524737 ;  0.9939428228414368 ;  0.002149506340438548 ;  0.9896411347341898 ;  0.8112781954887216 ;  1.0 ;  0.05114903300795965 ;  0.9241246867167919        
49 ;  0.9833257578079674 ;  0.9940945826415346 ;  0.0018854154463866849 ;  0.989950240000903 ;  0.8072055137844609 ;  1.0 ;  0.05487072631673525 ;  0.9221165413533834        
50 ;  0.9803324079611463 ;  0.9936269550315432 ;  0.0022701268336864215 ;  0.9901717635459852 ;  0.8072055137844609 ;  1.0 ;  0.052752010633825626 ;  0.9271447368421052      
51 ;  0.9849533590274067 ;  0.9935464292447136 ;  0.0017267894508005486 ;  0.9904239552970324 ;  0.8072055137844609 ;  1.0 ;  0.050533185015623226 ;  0.9248809523809524      
52 ;  0.9858555585087114 ;  0.9939656475775601 ;  0.001843424049150884 ;  0.990610038224606 ;  0.8021929824561402 ;  1.0 ;  0.0474845798494289 ;  0.9274436090225563
53 ;  0.9845056227382691 ;  0.9949917689769762 ;  0.0017586655650248797 ;  0.9909988470762188 ;  0.8112781954887216 ;  1.0 ;  0.050772903765995116 ;  0.9282750626566416      
54 ;  0.9854229812547564 ;  0.9948456577882951 ;  0.0018083058370570396 ;  0.9909697460402113 ;  0.7682957393483708 ;  1.0 ;  0.054108442049753736 ;  0.9277794486215538      
55 ;  0.9851255959789875 ;  0.9937593851015345 ;  0.0018162658965958861 ;  0.9911690394868119 ;  0.726691729323308 ;  1.0 ;  0.05703936588037449 ;  0.9251441102756892        
56 ;  0.9860561395042441 ;  0.994116511183146 ;  0.0015369339495468618 ;  0.991538456332243 ;  0.7614661654135336 ;  1.0 ;  0.05302318856744505 ;  0.9202124060150375
57 ;  0.9870980595280536 ;  0.994837563076082 ;  0.0015171128124043985 ;  0.9919831035287623 ;  0.831328320802005 ;  1.0 ;  0.0466958036430448 ;  0.9335827067669172
58 ;  0.9865460874500125 ;  0.9951018372851762 ;  0.0014563025372365133 ;  0.9921707635200517 ;  0.8072055137844609 ;  1.0 ;  0.053838534827563095 ;  0.9208126566416039      
59 ;  0.9868283704977192 ;  0.9950714467801112 ;  0.0015422842865163834 ;  0.9921935323560883 ;  0.8112781954887216 ;  1.0 ;  0.04961023281637435 ;  0.9225563909774436       
60 ;  0.9901038191612956 ;  0.9950052551205185 ;  0.001046377695459375 ;  0.9926157216118027 ;  0.8112781954887216 ;  1.0 ;  0.044163684806385016 ;  0.9257832080200501       
61 ;  0.9865353311256075 ;  0.9946262321176516 ;  0.0016088840535339616 ;  0.9923758545759512 ;  0.7614661654135336 ;  1.0 ;  0.052419597751479766 ;  0.9297706766917293      
62 ;  0.9881784429558675 ;  0.9957167858126463 ;  0.001404656211497729 ;  0.992819870800314 ;  0.8112781954887216 ;  1.0 ;  0.04610809017658253 ;  0.9384724310776942
63 ;  0.9894901145945034 ;  0.9956604837222303 ;  0.0012392147877965402 ;  0.9931562374942783 ;  0.8112781954887216 ;  1.0 ;  0.047409675919072705 ;  0.9325776942355889      
64 ;  0.9896268565064952 ;  0.995736025704205 ;  0.0013250555018040695 ;  0.9930341793764015 ;  0.8047619047619047 ;  1.0 ;  0.0536380287455725 ;  0.9308070175438596
65 ;  0.9886004027216443 ;  0.9954785254015869 ;  0.0014055319240391625 ;  0.9931607301206178 ;  0.8047619047619047 ;  1.0 ;  0.04710070783778939 ;  0.9368114035087719       
66 ;  0.9891069207887708 ;  0.9954343532380553 ;  0.001416530773676489 ;  0.9932532045789512 ;  0.8072055137844609 ;  1.0 ;  0.05080623116964795 ;  0.9277481203007518        
67 ;  0.9889804266655855 ;  0.9961422960585149 ;  0.0012586279530611372 ;  0.9933931793528703 ;  0.831328320802005 ;  1.0 ;  0.04900059822247944 ;  0.9398997493734336        
68 ;  0.990563552450837 ;  0.9960853256303918 ;  0.0010975550712949101 ;  0.9937427078944194 ;  0.8112781954887216 ;  1.0 ;  0.04405363058523749 ;  0.9406754385964912        
69 ;  0.9898775541214527 ;  0.9958682463000806 ;  0.001069981939461742 ;  0.9938980195737732 ;  0.8072055137844609 ;  1.0 ;  0.05118866499315645 ;  0.9334887218045113        
70 ;  0.990111028632779 ;  0.9961987438865061 ;  0.0012250823802449544 ;  0.9937052091830251 ;  0.8209273182957391 ;  1.0 ;  0.04429753887821853 ;  0.9356428571428571        
71 ;  0.9909090464569604 ;  0.9965393420457934 ;  0.001107870647643707 ;  0.994124787386788 ;  0.831328320802005 ;  1.0 ;  0.048142688910644695 ;  0.9399868421052632
72 ;  0.9924267652370055 ;  0.9962039693978942 ;  0.0007802737753797517 ;  0.9944391897047156 ;  0.8112781954887216 ;  1.0 ;  0.0452707726571079 ;  0.9435902255639097        
73 ;  0.9914196776016164 ;  0.9963813065479067 ;  0.0010555147542942443 ;  0.9943359948435686 ;  0.831328320802005 ;  1.0 ;  0.0456692861489822 ;  0.9403057644110275
74 ;  0.9918603048543057 ;  0.9961991824786872 ;  0.0009389976136059797 ;  0.994526512010937 ;  0.8645363408521302 ;  1.0 ;  0.04056548531017315 ;  0.949454260651629
75 ;  0.9918406300698734 ;  0.9963702358250879 ;  0.001014596754711567 ;  0.9946568780194202 ;  0.8112781954887216 ;  1.0 ;  0.045773073439697616 ;  0.9422268170426065       
76 ;  0.9902911109654436 ;  0.9966402922191478 ;  0.0010148231126841283 ;  0.9947703163372974 ;  0.8112781954887216 ;  1.0 ;  0.04778529492019569 ;  0.9466296992481202       
77 ;  0.9919343095919863 ;  0.9969765870544085 ;  0.000953980483254318 ;  0.9948242412072913 ;  0.824498746867168 ;  1.0 ;  0.04297789681921309 ;  0.9462293233082706
78 ;  0.99205706443329 ;  0.9967953786117217 ;  0.000899840879803985 ;  0.9949667639248235 ;  0.8112781954887216 ;  1.0 ;  0.050836134849828754 ;  0.9427957393483709
79 ;  0.9926904661922042 ;  0.9967576469512206 ;  0.0008533784991049694 ;  0.9950741541909877 ;  0.8263157894736841 ;  1.0 ;  0.04445785628128975 ;  0.9442330827067669       
80 ;  0.9920010712407008 ;  0.9968561373923067 ;  0.0009188117422192453 ;  0.995170639445381 ;  0.8339598997493735 ;  1.0 ;  0.04266297623688607 ;  0.951610902255639
81 ;  0.9927524229474015 ;  0.9971372147272831 ;  0.0007728364304136688 ;  0.9952030450944652 ;  0.831328320802005 ;  1.0 ;  0.04119181666685851 ;  0.940359649122807
82 ;  0.9928188257958918 ;  0.9970186724024562 ;  0.0008183112668134292 ;  0.9953018727655368 ;  0.8112781954887216 ;  1.0 ;  0.047839063260897804 ;  0.9499335839598997      
83 ;  0.9930535021254857 ;  0.997672081021473 ;  0.0008449470492678933 ;  0.9955389859833024 ;  0.831328320802005 ;  1.0 ;  0.047453675220385856 ;  0.9475401002506265        
84 ;  0.9933040471411312 ;  0.9970929538069956 ;  0.0007466734794044795 ;  0.9956870290562656 ;  0.8209273182957391 ;  1.0 ;  0.03972897781165347 ;  0.949124686716792        
85 ;  0.9930316590490456 ;  0.9970568575038976 ;  0.0007066883912077232 ;  0.995667026894412 ;  0.824498746867168 ;  1.0 ;  0.04703759192724307 ;  0.9411441102756891
86 ;  0.993927524691899 ;  0.9972242189868186 ;  0.0007337983299765919 ;  0.9958083295544586 ;  0.8645363408521302 ;  1.0 ;  0.044995268898062685 ;  0.9473483709273183       
87 ;  0.9937894704423603 ;  0.9972561672322827 ;  0.0008004891446264116 ;  0.9959557142704449 ;  0.8112781954887216 ;  1.0 ;  0.044960580230051325 ;  0.9483621553884711      
88 ;  0.9944968401350803 ;  0.9969809218059482 ;  0.0006231007047975489 ;  0.9960181446896459 ;  0.8645363408521302 ;  1.0 ;  0.042392733577571 ;  0.9470369674185463
89 ;  0.9938310233187158 ;  0.9971519555897574 ;  0.0006702796315839807 ;  0.995967966908313 ;  0.8112781954887216 ;  1.0 ;  0.046306516731026585 ;  0.953531328320802        
90 ;  0.9945568221928447 ;  0.9976494110791533 ;  0.0006604113502305675 ;  0.9961778081124898 ;  0.831328320802005 ;  1.0 ;  0.0442151005196999 ;  0.9528778195488722
91 ;  0.9947682563515872 ;  0.9978646553168357 ;  0.000687917190799313 ;  0.9962179497649561 ;  0.8645363408521302 ;  1.0 ;  0.04295834427016575 ;  0.9484154135338345        
92 ;  0.9941386701914334 ;  0.9975538607515008 ;  0.0007594083107069802 ;  0.9962373410150117 ;  0.8112781954887216 ;  1.0 ;  0.050092884986884405 ;  0.9496697994987469      
93 ;  0.99437923400868 ;  0.9977098395059738 ;  0.0006406546157017588 ;  0.9963854975688173 ;  0.8645363408521302 ;  1.0 ;  0.03910938633538944 ;  0.9550958646616541
94 ;  0.9945621291061223 ;  0.9976788217686609 ;  0.0006603903908786712 ;  0.9964428938523818 ;  0.8645363408521302 ;  1.0 ;  0.0408715981110546 ;  0.9520889724310776        
95 ;  0.9937570892245143 ;  0.997738148290175 ;  0.0007293632136025003 ;  0.9964820118000336 ;  0.874310776942356 ;  1.0 ;  0.04001034840412157 ;  0.945205513784461
96 ;  0.9950720056750311 ;  0.9982887955569858 ;  0.0006092216655375594 ;  0.99665370112068 ;  0.869924812030075 ;  1.0 ;  0.041073033690169326 ;  0.9499830827067669
97 ;  0.9954171097978054 ;  0.9980995024253153 ;  0.0005406123333171842 ;  0.9967581476321159 ;  0.874310776942356 ;  1.0 ;  0.04217406372209582 ;  0.9471591478696741        
98 ;  0.9953350253093407 ;  0.9979726029946618 ;  0.0005965978141123767 ;  0.9967643901316054 ;  0.8645363408521302 ;  1.0 ;  0.04485289055399009 ;  0.951985588972431        
99 ;  0.9948729924248817 ;  0.9980645412914887 ;  0.0005970955511878852 ;  0.9969178555711403 ;  0.874310776942356 ;  1.0 ;  0.03945216564896248 ;  0.9503659147869673        
100 ;  0.9954365844071307 ;  0.9978403329192675 ;  0.0004907503653525298 ;  0.9969530253457688 ;  0.874310776942356 ;  1.0 ;  0.04268496202377245 ;  0.9570839598997494       
101 ;  0.9952149506839866 ;  0.998079738504059 ;  0.0005521612633502674 ;  0.9969740240645144 ;  0.824498746867168 ;  1.0 ;  0.045220166944701254 ;  0.9513552631578946       
102 ;  0.9952952530363076 ;  0.9979945642916961 ;  0.0005368055123205259 ;  0.9969785873423673 ;  0.831328320802005 ;  1.0 ;  0.044549416195652246 ;  0.9492875939849623      
103 ;  0.9957799884875035 ;  0.9980159527212029 ;  0.0004978550783021647 ;  0.9970416825454448 ;  0.874310776942356 ;  1.0 ;  0.04201253479257615 ;  0.953673558897243        
104 ;  0.9957979513565908 ;  0.9981640976791909 ;  0.0005061051938933035 ;  0.9971418378204365 ;  0.8645363408521302 ;  1.0 ;  0.04424053325394374 ;  0.9471058897243108      
105 ;  0.9961485596317581 ;  0.9979214088652283 ;  0.000393858260849922 ;  0.9972418286317346 ;  0.8112781954887216 ;  1.0 ;  0.04345664347386774 ;  0.9492299498746867       
106 ;  0.9956762713087004 ;  0.9982942106899036 ;  0.0005030165780526167 ;  0.9973019376502594 ;  0.8112781954887216 ;  1.0 ;  0.04384998148016807 ;  0.9518803258145363      
107 ;  0.9959243059523076 ;  0.998329216503384 ;  0.000439353111992191 ;  0.9973452781539844 ;  0.874310776942356 ;  1.0 ;  0.04328557203683191 ;  0.9550545112781954
108 ;  0.9958998267994703 ;  0.9980807029638389 ;  0.0005215059846834745 ;  0.9973208522109823 ;  0.874310776942356 ;  1.0 ;  0.04061099238930168 ;  0.958750626566416        
109 ;  0.9964183042555151 ;  0.9982195661867552 ;  0.00038509592697183963 ;  0.9974866222533131 ;  0.874310776942356 ;  1.0 ;  0.03767836094304407 ;  0.9585426065162906      
110 ;  0.9962353496332255 ;  0.9983458127358813 ;  0.0004142496967096012 ;  0.997519005282677 ;  0.874310776942356 ;  1.0 ;  0.04205173772383719 ;  0.953593984962406
111 ;  0.9962870222453565 ;  0.9984140753490934 ;  0.0004388895923343282 ;  0.9975663101315576 ;  0.874310776942356 ;  1.0 ;  0.03793079779679905 ;  0.9527030075187969       
112 ;  0.9958515877539496 ;  0.998362497186485 ;  0.00045134046443313474 ;  0.9975925461646276 ;  0.874310776942356 ;  1.0 ;  0.045540624467176126 ;  0.9539486215538847      
113 ;  0.9962209882482188 ;  0.9984248763103681 ;  0.0004176766120520244 ;  0.997615702601775 ;  0.874310776942356 ;  1.0 ;  0.042938330074975065 ;  0.9569561403508772       
114 ;  0.9956295158913041 ;  0.9984154645403094 ;  0.0004317386450592557 ;  0.9976561882392794 ;  0.874310776942356 ;  1.0 ;  0.039246851963595314 ;  0.9619260651629072      
115 ;  0.9965146326021768 ;  0.998546060810454 ;  0.00036107973773328976 ;  0.9977789083661599 ;  0.869924812030075 ;  1.0 ;  0.044199772029350104 ;  0.9558721804511278      
116 ;  0.9964972333353209 ;  0.9985486903278451 ;  0.00040789656493192176 ;  0.997834216570868 ;  0.874310776942356 ;  1.0 ;  0.03653565937748729 ;  0.9683696741854636       
117 ;  0.9966927002965172 ;  0.9987953167616396 ;  0.000413835972099673 ;  0.9977968053754708 ;  0.874310776942356 ;  1.0 ;  0.041843968386795015 ;  0.9562719298245613       
118 ;  0.9967981304599813 ;  0.9985326493519854 ;  0.0003889078000243919 ;  0.9979008584197678 ;  0.874310776942356 ;  1.0 ;  0.040616925208703664 ;  0.9587412280701754      
119 ;  0.9964088135670424 ;  0.9986731406154622 ;  0.00034654149687259 ;  0.9980403634775331 ;  0.874310776942356 ;  1.0 ;  0.04096276973154552 ;  0.9561177944862155
120 ;  0.9970404566392314 ;  0.9987178448953549 ;  0.00036750420904315106 ;  0.9980187821647256 ;  0.874310776942356 ;  1.0 ;  0.03666756540601129 ;  0.9560463659147869      
121 ;  0.9970286404057901 ;  0.9988141942668772 ;  0.00034413856250106533 ;  0.9980624861422489 ;  0.874310776942356 ;  1.0 ;  0.03961352088071876 ;  0.9530388471177944
122 ;  0.9969443190550331 ;  0.9987226157684153 ;  0.0003527522206122901 ;  0.9981138099445304 ;  0.874310776942356 ;  1.0 ;  0.03478155437405587 ;  0.9596842105263157       
123 ;  0.9973727790654869 ;  0.9989324817393995 ;  0.00030978419435429835 ;  0.998189628768229 ;  0.874310776942356 ;  1.0 ;  0.04348332851290673 ;  0.955734335839599        
124 ;  0.9970788225750734 ;  0.9988087280240208 ;  0.0003045110572985255 ;  0.9982113325858639 ;  0.874310776942356 ;  1.0 ;  0.041416500148478065 ;  0.9653496240601503      
125 ;  0.9974384552885642 ;  0.9990320984179638 ;  0.0002842785552823944 ;  0.9982491889187837 ;  0.874310776942356 ;  1.0 ;  0.045369950719079614 ;  0.9565463659147869      
126 ;  0.9975362637971017 ;  0.9989502184979347 ;  0.0002693686966407072 ;  0.9983393029642055 ;  0.874310776942356 ;  1.0 ;  0.03905385072143499 ;  0.9606027568922305       
127 ;  0.9976816239672422 ;  0.9989367586549385 ;  0.00028069822827206224 ;  0.9983821228195273 ;  0.874310776942356 ;  1.0 ;  0.03828293406134915 ;  0.9618333333333333      
128 ;  0.9975209640949312 ;  0.9988994597449049 ;  0.0002937887590028423 ;  0.998394394588906 ;  0.874310776942356 ;  1.0 ;  0.03802697269040016 ;  0.9559360902255638        
129 ;  0.9973797037654246 ;  0.9988527850477795 ;  0.0003060380864834696 ;  0.998369184076417 ;  0.874310776942356 ;  1.0 ;  0.04202327340884831 ;  0.956907268170426
130 ;  0.9974976897986682 ;  0.9988576065994705 ;  0.00026399008673852356 ;  0.9984374506511283 ;  0.874310776942356 ;  1.0 ;  0.04072842115735674 ;  0.9594298245614035      
131 ;  0.997658823917242 ;  0.9989386630296311 ;  0.0002474350957427535 ;  0.9985147535084309 ;  0.869924812030075 ;  1.0 ;  0.04429655303865367 ;  0.9589987468671679        
132 ;  0.9978155328487698 ;  0.9990297392177339 ;  0.00025648959513505576 ;  0.9985453402694895 ;  0.874310776942356 ;  1.0 ;  0.04365913980407229 ;  0.9563784461152882      
133 ;  0.9978113463877618 ;  0.9990375602919814 ;  0.0002747858406265652 ;  0.998566510697589 ;  0.874310776942356 ;  1.0 ;  0.0424513378455334 ;  0.958892230576441
134 ;  0.9978617287810959 ;  0.9990836734577788 ;  0.0002284172779751255 ;  0.998622017668732 ;  0.874310776942356 ;  1.0 ;  0.04018744039689062 ;  0.9620187969924812        
135 ;  0.9979957453801973 ;  0.9991765621119688 ;  0.0002392174130554018 ;  0.9986560420273021 ;  0.874310776942356 ;  1.0 ;  0.03805653426611107 ;  0.9605451127819549       
136 ;  0.9981299095810432 ;  0.9991356728897323 ;  0.00021575750955691602 ;  0.9987256015323236 ;  0.874310776942356 ;  1.0 ;  0.03853606702676955 ;  0.9665614035087718      
137 ;  0.9978387277722921 ;  0.9992078980589648 ;  0.00025358119828784075 ;  0.9986762743063143 ;  0.874310776942356 ;  1.0 ;  0.03754092810527594 ;  0.9651278195488722      
138 ;  0.9979943435975118 ;  0.9992120355237649 ;  0.00021496855457916214 ;  0.9987800645293431 ;  0.874310776942356 ;  1.0 ;  0.041795329492671146 ;  0.9530125313283208     
139 ;  0.9980997455183204 ;  0.9992026644671355 ;  0.0002242094644438058 ;  0.9988204890698071 ;  0.874310776942356 ;  1.0 ;  0.04072275610555817 ;  0.959438596491228        
140 ;  0.9982162319219826 ;  0.9992465712206101 ;  0.0002221299570522782 ;  0.9988393224887618 ;  0.874310776942356 ;  1.0 ;  0.03951561554889476 ;  0.9679248120300752       
141 ;  0.9980437205470623 ;  0.999210799754755 ;  0.00019742856587277502 ;  0.9988697657609719 ;  0.874310776942356 ;  1.0 ;  0.035845383017408756 ;  0.9597769423558896      
142 ;  0.9982187211953019 ;  0.9993753964270399 ;  0.00021052075631219948 ;  0.9988740017385535 ;  0.874310776942356 ;  1.0 ;  0.03752594206866671 ;  0.9651453634085212      
143 ;  0.9983629395191528 ;  0.9992938046721163 ;  0.00016296342650831146 ;  0.9989462465145809 ;  0.874310776942356 ;  1.0 ;  0.03652941920820717 ;  0.9657406015037593      
144 ;  0.998469847127016 ;  0.9993053504418559 ;  0.00016753091749199575 ;  0.9989715432157688 ;  0.874310776942356 ;  1.0 ;  0.04219050051975822 ;  0.9634486215538847       
145 ;  0.9983337607672838 ;  0.9993526440164284 ;  0.0001770290083508511 ;  0.9990053220481668 ;  0.874310776942356 ;  1.0 ;  0.03916242218525217 ;  0.9612556390977443       
146 ;  0.9985744501211528 ;  0.9993471142000933 ;  0.00016744409901167396 ;  0.9990051971174393 ;  0.874310776942356 ;  1.0 ;  0.0365095163370105 ;  0.9650701754385964       
147 ;  0.9982346931761624 ;  0.9993744867299327 ;  0.00018299094264861147 ;  0.9990638196573047 ;  0.874310776942356 ;  1.0 ;  0.04043532352286611 ;  0.9653533834586465      
148 ;  0.9985237486250718 ;  0.9993987686958894 ;  0.00016315634405658446 ;  0.9990837067238468 ;  0.874310776942356 ;  1.0 ;  0.037503436242352355 ;  0.965171679197995      
149 ;  0.9987108170198712 ;  0.9994887397879256 ;  0.00016260927473429467 ;  0.9991203975964984 ;  0.874310776942356 ;  1.0 ;  0.03744635644595335 ;  0.96381328320802        
150 ;  0.9986960379212644 ;  0.9994499606047059 ;  0.00014571842774472072 ;  0.9991682880956372 ;  0.874310776942356 ;  1.0 ;  0.038309235928309884 ;  0.961798245614035      
151 ;  0.9985704626732669 ;  0.9994356814089499 ;  0.00015504745527198283 ;  0.9991764565663902 ;  0.874310776942356 ;  1.0 ;  0.03620356975948706 ;  0.9717218045112781      
152 ;  0.9989037583535628 ;  0.9995185254065535 ;  0.0001277045384187034 ;  0.999233955666167 ;  0.874310776942356 ;  1.0 ;  0.03657279508202626 ;  0.9676904761904761        
153 ;  0.9988982757036158 ;  0.9995074878738905 ;  0.00013142714715612543 ;  0.9992469224622189 ;  0.874310776942356 ;  1.0 ;  0.03647873815940862 ;  0.9651052631578947      
154 ;  0.9986979639012797 ;  0.99956312683212 ;  0.0001380709043599721 ;  0.9992649141660329 ;  0.874310776942356 ;  1.0 ;  0.03625041230812184 ;  0.9716779448621553
155 ;  0.998845840992908 ;  0.9995600803433671 ;  0.00012220687140452577 ;  0.9993093887682457 ;  0.874310776942356 ;  1.0 ;  0.035393723998957925 ;  0.9696441102756892      
156 ;  0.9989506518336808 ;  0.9995413893778868 ;  0.00012481431178410255 ;  0.9993171629769809 ;  0.874310776942356 ;  1.0 ;  0.03623168899156199 ;  0.9716954887218044      
157 ;  0.9986764193813396 ;  0.9995777854133495 ;  0.000121919144797422 ;  0.9993465986259613 ;  0.874310776942356 ;  1.0 ;  0.036547851312863096 ;  0.9677167919799499       
158 ;  0.9988407884811088 ;  0.9995830119791632 ;  0.00012431966781869077 ;  0.9993838648872607 ;  0.874310776942356 ;  1.0 ;  0.03542113475069921 ;  0.969
159 ;  0.9989931274206505 ;  0.9995744619456054 ;  9.199996582497751e-05 ;  0.9993948827860969 ;  0.874310776942356 ;  1.0 ;  0.03729095390919734 ;  0.962516290726817        
160 ;  0.9991404339495237 ;  0.9996131206398187 ;  0.00010518113998665346 ;  0.9994315745987317 ;  0.874310776942356 ;  1.0 ;  0.038552049949578206 ;  0.9672055137844611     
161 ;  0.9991591000877883 ;  0.9996162161506147 ;  8.887923203829437e-05 ;  0.999457045118912 ;  0.874310776942356 ;  1.0 ;  0.035474719986762146 ;  0.9676766917293232       
162 ;  0.9990903178640933 ;  0.9996768658105343 ;  0.0001033530360315897 ;  0.9994788245669918 ;  0.874310776942356 ;  1.0 ;  0.03271656063439645 ;  0.9775263157894737       
163 ;  0.9992706663053116 ;  0.9996732743416712 ;  8.129315050785506e-05 ;  0.9995128235381263 ;  0.874310776942356 ;  1.0 ;  0.03326702014339946 ;  0.9755676691729323
164 ;  0.9992469892588847 ;  0.9997199008672817 ;  8.367103212966451e-05 ;  0.9995445167074698 ;  0.874310776942356 ;  1.0 ;  0.0346894713094045 ;  0.9743020050125313        
165 ;  0.9993297092299769 ;  0.9996860387101134 ;  7.302424276476123e-05 ;  0.9995562925739784 ;  0.874310776942356 ;  1.0 ;  0.032431151132514 ;  0.9782318295739347
166 ;  0.9993338792261204 ;  0.9997112815021975 ;  8.011218889204078e-05 ;  0.999571142086847 ;  0.874310776942356 ;  1.0 ;  0.033422739004835576 ;  0.9749147869674185       
167 ;  0.9992584588227093 ;  0.9997630918903994 ;  8.092746434647e-05 ;  0.9996043550466645 ;  0.874310776942356 ;  1.0 ;  0.03373596082750258 ;  0.9735739348370926
168 ;  0.9993983135784837 ;  0.999761056964204 ;  7.434729866107485e-05 ;  0.9996250927647498 ;  0.9329573934837092 ;  1.0 ;  0.03271698803535717 ;  0.9728634085213032       
169 ;  0.9994864899551598 ;  0.9997655801842974 ;  6.015761933374067e-05 ;  0.9996502380855412 ;  0.9329573934837092 ;  1.0 ;  0.032952695164083286 ;  0.9715225563909774     
170 ;  0.9995472168216745 ;  0.9998220119500311 ;  5.588939277270727e-05 ;  0.9996823434676704 ;  0.874310776942356 ;  1.0 ;  0.032879012420903936 ;  0.9768997493734335      
171 ;  0.9994998188571701 ;  0.9997996890463607 ;  5.6142574374508607e-05 ;  0.999702690140587 ;  0.874310776942356 ;  1.0 ;  0.03520879854967773 ;  0.9710200501253132       
172 ;  0.9995760062068535 ;  0.9998402528093319 ;  5.019067960018364e-05 ;  0.9997241448411558 ;  0.9329573934837092 ;  1.0 ;  0.031730012061929325 ;  0.9768333333333332     
173 ;  0.9995528860441971 ;  0.9998554172853312 ;  5.3986708808810224e-05 ;  0.9997415162903562 ;  0.9329573934837092 ;  1.0 ;  0.033019168719679165 ;  0.9708784461152882    
174 ;  0.9996388050482784 ;  0.9998601763534172 ;  4.696353527080901e-05 ;  0.9997659796653103 ;  0.9329573934837092 ;  1.0 ;  0.03130657899772432 ;  0.9781390977443608      
175 ;  0.9996861859243971 ;  0.9998518101138953 ;  3.4342418174443706e-05 ;  0.9997871660723727 ;  0.9338345864661652 ;  1.0 ;  0.032577597612575365 ;  0.9735338345864661    
176 ;  0.9996468447863788 ;  0.9998849197466639 ;  4.0756024161809544e-05 ;  0.9998115069698973 ;  0.9338345864661652 ;  1.0 ;  0.027546858338800023 ;  0.9854436090225563    
177 ;  0.9997504472198255 ;  0.9998985356457643 ;  3.196653749862153e-05 ;  0.9998385985493299 ;  0.9338345864661652 ;  1.0 ;  0.03126855451956621 ;  0.9781654135338346      
178 ;  0.999770759965766 ;  0.999912379289298 ;  2.7658517011087322e-05 ;  0.9998504685699464 ;  0.9338345864661652 ;  1.0 ;  0.029857861403887853 ;  0.9814736842105263      
179 ;  0.9998370400105943 ;  0.9999225927605253 ;  2.0300322719481525e-05 ;  0.9998781259960441 ;  0.9338345864661652 ;  1.0 ;  0.03126855451956621 ;  0.9781654135338346     
180 ;  0.9998437646223334 ;  0.9999413143468765 ;  2.001218544743037e-05 ;  0.9998974599858609 ;  0.9338345864661652 ;  1.0 ;  0.03075521916288158 ;  0.9794887218045112      
181 ;  0.9998625916595193 ;  0.9999491771880746 ;  1.618180569687436e-05 ;  0.9999197279811844 ;  0.9338345864661652 ;  1.0 ;  0.03047355218761043 ;  0.9801503759398495      
182 ;  0.9999046024803525 ;  0.9999645344017263 ;  1.3361828411429306e-05 ;  0.9999372442381812 ;  0.9338345864661652 ;  1.0 ;  0.020806775429097327 ;  0.9927218045112782    
183 ;  0.9999177366802341 ;  0.9999852114931178 ;  1.1608895265009983e-05 ;  0.9999594655441914 ;  0.9338345864661652 ;  1.0 ;  0.029168625714555797 ;  0.982796992481203     
184 ;  0.9999659343695401 ;  0.9999925213538462 ;  5.727546763725638e-06 ;  0.9999806895289018 ;  1.0 ;  1.0 ;  0.0 ;  1.0
185 ;  1.0 ;  1.0 ;  0.0 ;  1.0 ;  1.0 ;  1.0 ;  0.0 ;  1.0